countyid,countyname,county_pop2019,female,male,american_indian_or_alaska_native,asian_or_pacific_islander,black_or_african_american,hispanic_or_latino,white,estimate_housing_occupancy_total_housing_units_occupied_housing_units,percent_housing_occupancy_total_housing_units_occupied_housing_units,estimate_housing_occupancy_total_housing_units_vacant_housing_units,percent_housing_occupancy_total_housing_units_vacant_housing_units,estimate_housing_occupancy_total_housing_units_homeowner_vacancy_rate,estimate_housing_occupancy_total_housing_units_rental_vacancy_rate,estimate_units_in_structure_total_housing_units_1_unit_detached,estimate_units_in_structure_total_housing_units_1_unit_attached,estimate_units_in_structure_total_housing_units_2_units,estimate_units_in_structure_total_housing_units_3_or_4_units,estimate_units_in_structure_total_housing_units_5_to_9_units,estimate_units_in_structure_total_housing_units_10_to_19_units,estimate_units_in_structure_total_housing_units_20_or_more_units,estimate_units_in_structure_total_housing_units_mobile_home,estimate_units_in_structure_total_housing_units_boat_rv_van_etc,estimate_year_structure_built_total_housing_units_built_2014_or_later,percent_year_structure_built_total_housing_units_built_2014_or_later,estimate_year_structure_built_total_housing_units_built_2010_to_2013,percent_year_structure_built_total_housing_units_built_2010_to_2013,estimate_year_structure_built_total_housing_units_built_2000_to_2009,percent_year_structure_built_total_housing_units_built_2000_to_2009,estimate_year_structure_built_total_housing_units_built_1990_to_1999,percent_year_structure_built_total_housing_units_built_1990_to_1999,estimate_year_structure_built_total_housing_units_built_1980_to_1989,percent_year_structure_built_total_housing_units_built_1980_to_1989,estimate_year_structure_built_total_housing_units_built_1970_to_1979,percent_year_structure_built_total_housing_units_built_1970_to_1979,estimate_year_structure_built_total_housing_units_built_1960_to_1969,percent_year_structure_built_total_housing_units_built_1960_to_1969,estimate_year_structure_built_total_housing_units_built_1950_to_1959,percent_year_structure_built_total_housing_units_built_1950_to_1959,estimate_year_structure_built_total_housing_units_built_1940_to_1949,percent_year_structure_built_total_housing_units_built_1940_to_1949,estimate_year_structure_built_total_housing_units_built_1939_or_earlier,percent_year_structure_built_total_housing_units_built_1939_or_earlier,estimate_rooms_total_housing_units_median_rooms,estimate_occupants_per_room_occupied_housing_units,estimate_occupants_per_room_occupied_housing_units_1_00_or_less,estimate_occupants_per_room_occupied_housing_units_1_01_to_1_50,estimate_occupants_per_room_occupied_housing_units_1_51_or_more,percent_new,percent_old,county_pop_2020,total_confirmed_cases,total_deaths,death_rate,confirmed_case_rate,percent_female,percent_male,percent_american_indian_or_alaska_native,percent_asian_or_pacific_islander,percent_black_or_african_american,percent_hispanic_or_latino,percent_white,total_housing_units,Parks usage percent during covid,Workspace usage percent during covid,Residential usage percent during covid,Housing units in multi-unit structures percent,Persons per household,Median household income in dollar,county,id,dominant_race,dominant_ethnicity,dominant_race_white,dominant_ethnicity_hispanic_or_latino,occupants_per_room_1_more_vs_1_less,percnet_housing_small,percnet_housing_small_medium
6001,Alameda,1671329,848082,823247,5448,565333,185058,373055,542435,585632,0.94,37325,0.06,1,3.4,325131,50750,23840,42049,34068,32649,106782,7422,266,18031,0.029,8865,0.014,46168,0.074,53885,0.086,66967,0.107,98930,0.159,87371,0.14,82772,0.133,40903,0.066,119065,0.191,4.7,585632,543503,27975,14154,0.609,0.39,1685886,21241,408,24.2009246176788,1259.93097991205,0.507429716112148,0.492570283887852,0.00325968136734299,0.338253569464779,0.110725057723524,0.223208596272787,0.324553095171567,622957,-1,-53,19,37.6,2.71,56166,Alameda County,0500000US06001,Dominantly non-white,Not Hispanic or Latino,0,0,0.0775138315703869,0.928062332659417,0.975831238730124
6003,Alpine,1129,520,609,248,18,19,139,705,,,,,,,"","","","","","","","","",,,,,,,,,,,,,,,,,,,,,,,,,,,,1117,2,0,0,179.05102954342,0.460584588131089,0.539415411868911,0.219663418954827,0.0159433126660762,0.016829052258636,0.12311780336581,0.62444641275465,,,,,,,,Alpine County,0500000US06003,Dominantly white (non-Hispanic only),Not Hispanic or Latino,1,0,,,
6005,Amador,39752,18114,21638,741,744,1173,5753,31341,,,,,,,"","","","","","","","","",,,,,,,,,,,,,,,,,,,,,,,,,,,,38531,294,16,41.525005839454,763.021982299966,0.455675186154156,0.544324813845844,0.0186405715435701,0.0187160394445563,0.0295079492855705,0.144722278124371,0.788413161601932,,,,,,,,Amador County,0500000US06005,Dominantly white (non-Hispanic only),Not Hispanic or Latino,1,0,,,
6007,Butte,219186,110713,108473,4020,12220,5322,37731,159893,77651,0.901,8561,0.099,1.9,5.6,52297,2341,2644,5212,4276,2599,5882,10448,513,3756,0.044,1303,0.015,10426,0.121,10958,0.127,17126,0.199,16716,0.194,7703,0.089,8763,0.102,4376,0.051,5085,0.059,5.1,77651,75190,1574,887,0.789,0.212,217769,2848,44,20.2048960136659,1307.80781470274,0.505109815407919,0.494890184592082,0.0183405874462785,0.0557517359685381,0.0242807478579836,0.172141468889436,0.729485459837763,86212,28,-28,7,20.2,2.48,33443,Butte County,0500000US06007,Dominantly white (non-Hispanic only),Not Hispanic or Latino,1,0,0.0327304162787605,0.968306911694634,0.988577094950484
6009,Calaveras,45905,23058,22847,750,959,656,5967,37573,,,,,,,"","","","","","","","","",,,,,,,,,,,,,,,,,,,,,,,,,,,,44289,261,14,31.6105579263474,589.311115626905,0.502298224594271,0.497701775405729,0.0163380895327306,0.0208909704825182,0.0142903823112951,0.129985840322405,0.818494717351051,,,,,,,,Calaveras County,0500000US06009,Dominantly white (non-Hispanic only),Not Hispanic or Latino,1,0,,,
6011,Colusa,21547,10572,10975,322,361,321,13018,7525,,,,,,,"","","","","","","","","",,,,,,,,,,,,,,,,,,,,,,,,,,,,22593,534,6,26.5568981542956,2363.56393573231,0.490648350118346,0.509351649881654,0.0149440757414025,0.0167540724926904,0.0148976655682926,0.604167633545273,0.349236552652341,,,,,,,,Colusa County,0500000US06011,Dominantly non-white,Hispanic or Latino,0,1,,,
6013,Contra Costa,1153526,589339,564187,4282,224442,111368,300420,513014,399792,0.955,18904,0.045,0.7,4.4,273427,34382,5221,22552,14719,13523,46891,7380,601,10566,0.025,7641,0.018,47658,0.114,53110,0.127,59707,0.143,76793,0.183,62683,0.15,53763,0.128,29635,0.071,17140,0.041,5.7,399792,377647,13997,8148,0.76,0.24,1160099,16716,207,17.8433047524392,1440.91150841437,0.510902225004031,0.489097774995969,0.00371209664975042,0.194570386796657,0.0965457215528735,0.260436262381602,0.444735532619117,418696,-14,-45,14,24,2.72,64424,Contra Costa County,0500000US06013,Dominantly white (non-Hispanic only),Not Hispanic or Latino,1,0,0.0586394172335541,0.944608696522192,0.979619402089086
6015,Del Norte,27812,12626,15186,2305,931,1106,5596,17874,,,,,,,"","","","","","","","","",,,,,,,,,,,,,,,,,,,,,,,,,,,,27558,142,1,3.62871035633936,515.276870600189,0.453976700704732,0.546023299295268,0.0828778944340573,0.0334747590967928,0.0397670070473177,0.201208111606501,0.642672227815332,,,,,,,,Del Norte County,0500000US06015,Dominantly white (non-Hispanic only),Not Hispanic or Latino,1,0,,,
6017,El Dorado,192843,96685,96158,1870,10857,2410,25378,152328,74216,0.81,17446,0.19,1.1,3.8,72412,2492,1633,4061,3080,1624,2011,4260,89,2974,0.032,534,0.006,14372,0.157,14037,0.153,18995,0.207,19013,0.207,9672,0.106,7080,0.077,2790,0.03,2195,0.024,5.5,74216,72301,1445,470,0.868,0.131,193098,1151,4,2.07148701695512,596.070389128836,0.501366396498706,0.498633603501294,0.00969700741017304,0.0562996841990635,0.0124972127585653,0.131599280243514,0.789906815388684,91662,191,-35,9,11.5,2.63,54034,El Dorado County,0500000US06017,Dominantly white (non-Hispanic only),Not Hispanic or Latino,1,0,0.0264864939627391,0.974196938665517,0.993667133771693
6019,Fresno,999101,500453,498648,7141,108435,50814,537180,295531,315974,0.939,20505,0.061,1.4,4.1,229995,5890,6860,25322,26261,9653,18253,13707,538,12988,0.039,10763,0.032,47109,0.14,49440,0.147,43650,0.13,61000,0.181,40567,0.121,36961,0.11,17348,0.052,16653,0.049,5.1,315974,283418,21012,11544,0.79,0.211,1032227,28621,390,37.7823870137092,2772.74281722916,0.500903312077558,0.499096687922442,0.00714742553555647,0.108532570781132,0.0508597228908789,0.537663359360065,0.295796921432368,336479,25,-35,8,26.6,3.09,35952,Fresno County,0500000US06019,Dominantly non-white,Hispanic or Latino,0,1,0.114869203790867,0.896966206080247,0.963465348414743
6021,Glenn,28393,13931,14462,518,811,361,12079,14624,,,,,,,"","","","","","","","","",,,,,,,,,,,,,,,,,,,,,,,,,,,,29348,589,3,10.2221616464495,2006.95106991959,0.490649103652309,0.509350896347691,0.0182439333638573,0.0285633782974677,0.0127144014369739,0.425421758884232,0.515056528017469,,,,,,,,Glenn County,0500000US06021,Dominantly white (non-Hispanic only),Not Hispanic or Latino,1,0,,,
6023,Humboldt,135558,68317,67241,8288,4604,2821,16354,103491,55692,0.874,8031,0.126,0.6,4.7,42254,2778,1836,3570,2775,1435,2156,6614,305,1199,0.019,777,0.012,4460,0.07,10953,0.172,7858,0.123,10626,0.167,5425,0.085,9882,0.155,3914,0.061,8629,0.135,4.9,55692,52628,1441,1623,0.648,0.351,134098,497,8,5.96578621605095,370.624468672165,0.503968780890836,0.496031219109164,0.0611398810841116,0.0339633219728825,0.0208102804703522,0.120642086782042,0.763444429690612,63723,155,-28,6,18.1,2.39,32123,Humboldt County,0500000US06023,Dominantly white (non-Hispanic only),Not Hispanic or Latino,1,0,0.0582199589572091,0.94498312145371,0.97085757379875
6025,Imperial,181215,88337,92878,1394,2394,4579,154088,18760,48182,0.827,10103,0.173,1.6,1.9,36952,504,2314,3735,4439,2225,1944,5732,440,2755,0.047,1489,0.026,10686,0.183,10931,0.188,8365,0.144,9741,0.167,5065,0.087,6068,0.104,1750,0.03,1435,0.025,5.1,48182,43457,3308,1417,0.842,0.159,191649,10811,317,165.40655051683,5641.0416960172,0.487470683994151,0.512529316005849,0.00769251993488398,0.0132108269183015,0.0252683276770687,0.850304886460834,0.103523439008912,58285,-75,-35,11,20.8,3.33,32610,Imperial County,0500000US06025,Dominantly non-white,Hispanic or Latino,0,1,0.108728168074188,0.901934332323274,0.970590677016313
6027,Inyo,18039,9003,9036,2020,312,273,4230,11204,,,,,,,"","","","","","","","","",,,,,,,,,,,,,,,,,,,,,,,,,,,,18453,188,15,81.2875955129247,1018.80453042866,0.499085315150507,0.500914684849493,0.111979599756084,0.0172958589722268,0.0151338766006985,0.234491934142691,0.6210987305283,,,,,,,,Inyo County,0500000US06027,Dominantly white (non-Hispanic only),Not Hispanic or Latino,1,0,,,
6029,Kern,900202,439168,461034,6600,46192,51358,491545,304507,272888,0.901,30039,0.099,1.4,4.7,215041,9503,8055,16457,10394,4778,14540,23934,225,14675,0.048,6738,0.022,50522,0.167,43406,0.143,50658,0.167,47414,0.157,30176,0.1,34267,0.113,13734,0.045,11337,0.037,5.1,272888,248569,17668,6651,0.804,0.195,927251,31534,369,39.7950500997033,3400.80517572912,0.487854948111646,0.512145051888354,0.00733168777674344,0.0513129275429293,0.0570516395209075,0.546038555790811,0.338265189368608,302927,28,-35,7,18.9,3.03,37553,Kern County,0500000US06029,Dominantly non-white,Hispanic or Latino,0,1,0.0978360133403602,0.910882853038609,0.975627363607048
6031,Kings,152940,68598,84342,1568,6518,10558,84514,49782,44761,0.953,2197,0.047,1.3,1.8,33478,1492,1854,3097,1100,322,3298,2291,26,1557,0.033,743,0.016,8899,0.19,8913,0.19,6591,0.14,7824,0.167,4914,0.105,2662,0.057,2728,0.058,2127,0.045,5.2,44761,39611,3528,1622,0.841,0.16,156444,7681,80,51.1365089105367,4909.7440617729,0.448528834837191,0.551471165162809,0.0102523865568197,0.0426180201386165,0.0690336079508304,0.552595789198379,0.325500196155355,46958,-20,-29,5,19,3.18,36105,Kings County,0500000US06031,Dominantly non-white,Hispanic or Latino,0,1,0.130014389942188,0.884944482920399,0.963763097339202
6033,Lake,64386,32192,32194,1962,1109,1627,14171,45517,25968,0.751,8598,0.249,0.8,1.6,N,N,N,N,N,N,N,N,N,1238,0.036,454,0.013,4618,0.134,3958,0.115,7269,0.21,5844,0.169,4150,0.12,3211,0.093,2004,0.058,1820,0.053,5.1,,,,,0.797,0.204,64871,566,11,16.9567295093339,872.500809298454,0.499984468673314,0.500015531326686,0.0304724629577859,0.0172242412946914,0.0252694685180008,0.22009443046625,0.706939396763272,34566,86,-24,5,5.2,2.39,31111,Lake County,0500000US06033,Dominantly white (non-Hispanic only),Not Hispanic or Latino,1,0,,,
6035,Lassen,30573,11547,19026,1004,701,2647,5910,20311,,,,,,,"","","","","","","","","",,,,,,,,,,,,,,,,,,,,,,,,,,,,30065,741,0,0,2464.65990354233,0.377686193700324,0.622313806299676,0.0328394334870638,0.0229287279625814,0.0865796617930854,0.193307820626043,0.664344356131227,,,,,,,,Lassen County,0500000US06035,Dominantly white (non-Hispanic only),Not Hispanic or Latino,1,0,,,
6037,Los Angeles,10039107,5090066,4949041,26946,1562454,842799,4881970,2724938,3328398,0.93,251025,0.07,1.1,4,1706954,210223,104052,215707,287412,274850,716568,60780,2877,74100,0.021,45678,0.013,186336,0.052,224846,0.063,417428,0.117,495151,0.138,526484,0.147,719433,0.201,353755,0.099,536212,0.15,4.5,3328398,2957157,217873,153368,0.551,0.45,10257557,269246,6551,63.8651094017806,2624.85502152218,0.50702378209536,0.49297621790464,0.00268410327731341,0.15563675135647,0.0839515905149731,0.486295245184656,0.271432309666587,3579423,-8,-40,13,42.2,2.98,41486,Los Angeles County,0500000US06037,Dominantly non-white,Not Hispanic or Latino,0,0,0.125539834374705,0.888462557662876,0.95392137598929
6039,Madera,157327,81442,75885,1987,3757,5536,92483,53564,44387,0.863,7053,0.137,0.9,2,40607,562,636,1612,1754,536,1172,4308,253,1852,0.036,956,0.019,11030,0.214,9968,0.194,7487,0.146,10014,0.195,3466,0.067,3621,0.07,2302,0.045,744,0.014,5.6,44387,39412,3916,1059,0.871,0.129,160089,4453,65,40.6024149067081,2781.57774737802,0.517660668543861,0.482339331456139,0.0126297456889154,0.0238801985673152,0.035187857138317,0.587839340990421,0.340462857615031,51440,144,-27,6,,3.57,31033,Madera County,0500000US06039,Dominantly non-white,Hispanic or Latino,0,1,0.126230589668121,0.887917633541352,0.976141663099556
6041,Marin,258826,132209,126617,765,19540,7938,42160,188423,105298,0.929,8047,0.071,0,1.8,68372,8708,4105,5570,9413,6236,9350,1192,399,1458,0.013,851,0.008,4731,0.042,7259,0.064,9716,0.086,23100,0.204,22075,0.195,23736,0.209,6727,0.059,13692,0.121,5.4,105298,99272,3722,2304,0.612,0.389,260800,6692,119,45.6288343558282,2565.9509202454,0.510802624156769,0.489197375843231,0.00295565360512468,0.0754947339139036,0.0306692527025878,0.162889354237982,0.727991005540402,113345,21,-47,15,29.3,2.34,66616,Marin County,0500000US06041,Dominantly white (non-Hispanic only),Not Hispanic or Latino,1,0,0.0607019099041019,0.942771942487037,0.978119242530722
6043,Mariposa,17203,8439,8764,551,306,323,2073,13950,,,,,,,"","","","","","","","","",,,,,,,,,,,,,,,,,,,,,,,,,,,,17795,74,2,11.2391121101433,415.847148075302,0.490553973144219,0.509446026855781,0.0320292972156019,0.017787595186886,0.0187757949194908,0.120502237981747,0.810905074696274,,,,,,,,Mariposa County,0500000US06043,Dominantly white (non-Hispanic only),Not Hispanic or Latino,1,0,,,
6045,Mendocino,86749,43728,43021,3916,2144,1177,22379,57133,34478,0.84,6549,0.16,1.2,4.5,30513,1127,1259,1259,701,469,1514,4097,88,327,0.008,316,0.008,3203,0.078,5134,0.125,6383,0.156,10378,0.253,3409,0.083,4554,0.111,2034,0.05,5289,0.129,4.9,34478,32162,1801,515,0.711,0.29,88439,854,18,20.3530116803673,965.637331946313,0.504074974927665,0.495925025072335,0.045141730740412,0.0247149823052715,0.0135678797450115,0.257974155321675,0.65860125188763,41027,134,-25,6,12.9,2.53,35808,Mendocino County,0500000US06045,Dominantly white (non-Hispanic only),Not Hispanic or Latino,1,0,0.072010447111498,0.932826730088752,0.985062938685539
6047,Merced,277680,137495,140185,1428,21240,9473,169442,76097,80645,0.934,5741,0.066,1.2,2.4,66690,1216,2254,3688,3173,1419,2133,5640,173,2444,0.028,1123,0.013,15883,0.184,12744,0.148,11535,0.134,15796,0.183,7968,0.092,8837,0.102,5268,0.061,4788,0.055,5.5,80645,75401,3339,1905,0.782,0.218,287420,8892,143,49.7529747407975,3093.73042933686,0.495156295015846,0.504843704984154,0.00514261019878997,0.0764909248055315,0.0341148084125612,0.610205992509363,0.274045664073754,86386,38,-29,7,18.4,3.25,36709,Merced County,0500000US06047,Dominantly non-white,Hispanic or Latino,0,1,0.0695481492287901,0.93497426994854,0.976377952755906
6049,Modoc,8841,4393,4448,297,124,173,1291,6956,,,,,,,"","","","","","","","","",,,,,,,,,,,,,,,,,,,,,,,,,,,,9475,26,0,0,274.406332453826,0.496889492138898,0.503110507861102,0.0335934848998982,0.0140255627191494,0.0195679221807488,0.146024205406628,0.786788824793575,,,,,,,,Modoc County,0500000US06049,Dominantly white (non-Hispanic only),Not Hispanic or Latino,1,0,,,
6051,Mono,14444,6786,7658,274,427,192,3875,9676,,,,,,,"","","","","","","","","",,,,,,,,,,,,,,,,,,,,,,,,,,,,13961,149,2,14.3256213738271,1067.25879235012,0.46981445582941,0.53018554417059,0.0189698144558294,0.0295624480753254,0.0132927166989754,0.268277485461091,0.669897535308779,,,,,,,,Mono County,0500000US06051,Dominantly white (non-Hispanic only),Not Hispanic or Latino,1,0,,,
6053,Monterey,434061,212932,221129,1773,29293,12794,257721,132480,128227,0.895,14986,0.105,1.5,5.7,91673,8079,3739,6637,9957,7642,9853,5633,0,2932,0.02,1538,0.011,10076,0.07,21328,0.149,19162,0.134,24845,0.173,23108,0.161,20960,0.146,7822,0.055,11442,0.08,5,128227,110991,12970,4266,0.718,0.281,448732,9826,73,16.2680620058298,2189.72571601758,0.490557778745384,0.509442221254616,0.00408467934230442,0.0674859063587837,0.0294751198564257,0.593743736479435,0.305210557963051,143213,65,-33,6,26.1,3.14,45542,Monterey County,0500000US06053,Dominantly non-white,Hispanic or Latino,0,1,0.155291870512024,0.865582131688334,0.966730875712603
6055,Napa,137744,69209,68535,708,12977,3438,47660,72961,48107,0.864,7552,0.136,1,5.9,37094,2655,1488,2505,1844,1037,4140,4896,0,1918,0.034,500,0.009,5562,0.1,7355,0.132,7785,0.14,10847,0.195,6455,0.116,6856,0.123,3103,0.056,5278,0.095,5.4,48107,45269,1890,948,0.726,0.274,139652,1727,13,9.30885343568298,1236.64537564804,0.502446567545592,0.497553432454408,0.00513996979904751,0.0942110001161575,0.024959344871646,0.346004181670345,0.529685503542804,55659,78,-34,10,18.2,2.62,51912,Napa County,0500000US06055,Dominantly white (non-Hispanic only),Not Hispanic or Latino,1,0,0.0626919083699662,0.94100650632964,0.980293928118569
6057,Nevada,99755,50752,49003,1073,1804,919,9732,86227,39365,0.718,15460,0.282,3.8,7.3,47115,955,326,1451,758,533,992,2695,0,1629,0.03,487,0.009,8139,0.148,8830,0.161,12010,0.219,11808,0.215,4729,0.086,2793,0.051,1468,0.027,2932,0.053,5.7,39365,38173,1021,171,0.868,0.131,98710,539,7,7.09148009320231,546.043967176578,0.508766477870783,0.491233522129217,0.0107563530650093,0.0180843065510501,0.00921257079845622,0.0975590195980151,0.864387749987469,54825,142,-27,6,8.4,2.47,47626,Nevada County,0500000US06057,Dominantly white (non-Hispanic only),Not Hispanic or Latino,1,0,0.0312262593980038,0.969719293788899,0.995656039629112
6059,Orange,3175692,1608867,1566825,8732,708484,62548,1081091,1314837,1044280,0.934,73868,0.066,1.3,5,564556,134212,17311,81125,73458,59505,155384,31762,835,53164,0.048,20244,0.018,88675,0.079,123150,0.11,159683,0.143,254963,0.228,216619,0.194,148821,0.133,26177,0.023,26652,0.024,5.1,1044280,953234,58521,32525,0.82,0.18,3228519,52755,1249,38.6864689351371,1634.03095970629,0.506619344697156,0.493380655302844,0.00274963692952591,0.223095942553623,0.019695864712321,0.340426905379993,0.414031650424537,1118148,20,-40,13,33.2,3,55861,Orange County,0500000US06059,Dominantly white (non-Hispanic only),Not Hispanic or Latino,1,0,0.0955127492305142,0.912814570804765,0.968854138736737
6061,Placer,398329,203841,194488,2787,36629,8901,57381,292631,147236,0.872,21706,0.128,0.3,4.6,132699,4081,1462,6581,7242,4969,7568,4031,309,10865,0.064,5185,0.031,42424,0.251,32827,0.194,26882,0.159,23083,0.137,11738,0.069,7215,0.043,3158,0.019,5565,0.033,5.9,147236,143937,2642,657,0.905,0.095,400434,3570,45,11.2378069794273,891.532687034568,0.511740295082708,0.488259704917292,0.00699672883470699,0.091956648900783,0.0223458497874872,0.144054286783036,0.734646485693987,168942,58,-39,10,15.9,2.63,61474,Placer County,0500000US06061,Dominantly white (non-Hispanic only),Not Hispanic or Latino,1,0,0.0229197496126778,0.977593794995789,0.99553777608737
6063,Plumas,18807,9450,9357,497,236,330,1750,15994,,,,,,,"","","","","","","","","",,,,,,,,,,,,,,,,,,,,,,,,,,,,18997,48,0,0,252.671474443333,0.502472483649705,0.497527516350295,0.0264263306215771,0.0125485191683947,0.017546658159196,0.0930504599351305,0.850428032115702,,,,,,,,Plumas County,0500000US06063,Dominantly white (non-Hispanic only),Not Hispanic or Latino,1,0,,,
6065,Riverside,2470546,1238534,1232012,14386,180386,168461,1236032,871281,734948,0.857,122274,0.143,2.1,4.7,589126,41160,9054,33643,39157,24542,43007,76357,1176,38684,0.045,19166,0.022,209704,0.245,144433,0.168,182875,0.213,116474,0.136,63170,0.074,48539,0.057,16565,0.019,17612,0.021,5.4,734948,683512,38809,12627,0.903,0.097,2468145,58863,1216,49.2677699243764,2384.90850416001,0.501319951136308,0.498680048863693,0.00582300430754983,0.0730146291548508,0.0681877609241034,0.500307219537705,0.352667386075791,857222,-37,-36,9,17.6,2.98,44595,Riverside County,0500000US06065,Dominantly non-white,Hispanic or Latino,0,1,0.0752525193412844,0.93001409623538,0.982819192650364
6067,Sacramento,1552058,793161,758897,10559,288927,174466,366764,711342,556752,0.962,22214,0.038,0.9,2.5,373593,39952,9854,27051,36023,26705,50002,15076,710,14498,0.025,8805,0.015,85374,0.147,72195,0.125,98212,0.17,113684,0.196,70796,0.122,63228,0.109,26368,0.046,25806,0.045,5.3,556752,528758,18617,9377,0.8,0.2,1567975,22547,416,26.5310352524753,1437.96935537875,0.511038247281996,0.488961752718004,0.00680322513720492,0.18615734721254,0.11240945892486,0.236308179204643,0.458321789520752,578966,4,-42,12,27.4,2.64,46296,Sacramento County,0500000US06067,Dominantly white (non-Hispanic only),Not Hispanic or Latino,1,0,0.0529429341967403,0.94971908497859,0.98315767163836
6069,San Benito,62808,31360,31448,311,2207,850,38214,21226,,,,,,,"","","","","","","","","",,,,,,,,,,,,,,,,,,,,,,,,,,,,,,,,,0.49929945229907,0.50070054770093,0.00495159852248121,0.0351388358170934,0.0135333078588715,0.608425678257547,0.337950579544007,,,,,,,,San Benito County,0500000US06069,Dominantly non-white,Hispanic or Latino,0,1,,,
6071,San Bernardino,2180085,1094478,1085607,10743,174979,190348,1186808,617207,644758,0.882,86635,0.118,2,3.7,503823,31304,12052,32459,27167,22982,57196,43283,1127,21171,0.029,16617,0.023,100993,0.138,94664,0.129,163789,0.224,124306,0.17,73720,0.101,85140,0.116,25893,0.035,25100,0.034,5.3,644758,593552,37080,14126,0.814,0.185,2217398,53753,952,42.9332036918947,2424.14758198573,0.502034553698594,0.497965446301406,0.00492778951279423,0.0802624668304217,0.0873121919558182,0.544386113385487,0.283111438315479,731393,-32,-26,8,19.4,3.15,43185,San Bernardino County,0500000US06071,Dominantly non-white,Hispanic or Latino,0,1,0.0862704531363722,0.920581055217617,0.97809100468703
6073,San Diego,3338330,1658313,1680017,17398,442681,179393,1140033,1558825,1132434,0.918,101489,0.082,1.1,4.8,620323,129909,17051,51288,86600,87141,193371,47273,967,40602,0.033,21445,0.017,142415,0.115,146659,0.119,218981,0.177,281627,0.228,156495,0.127,131516,0.107,44564,0.036,49619,0.04,4.9,1132434,1052973,52017,27444,0.816,0.183,3370418,46987,781,23.1722000060527,1394.1000789813,0.496749272840013,0.503250727159987,0.00521158782984307,0.132605524319046,0.0537373477157741,0.341497994506235,0.466947545629102,1233923,9,-42,13,35.1,2.73,48634,San Diego County,0500000US06073,Dominantly white (non-Hispanic only),Not Hispanic or Latino,1,0,0.0754634734223954,0.92983167230938,0.975765475074044
6075,San Francisco,881549,432328,449221,2399,325796,49496,134309,369549,365851,0.9,40548,0.1,0.9,3,76822,44526,38774,46034,42536,34727,122152,326,502,14846,0.037,7094,0.017,28850,0.071,16972,0.042,22028,0.054,29413,0.072,32484,0.08,33827,0.083,37562,0.092,183323,0.451,4,365851,339213,9705,16933,0.373,0.626,892280,11142,101,11.3193168063836,1248.71116689828,0.490418570039782,0.509581429960218,0.00272134617587905,0.36957219621371,0.0561466237270986,0.152355683007978,0.419204150875334,406399,-13,-67,25,67.7,2.3,51302,San Francisco County,0500000US06075,Dominantly white (non-Hispanic only),Not Hispanic or Latino,1,0,0.0785288299681911,0.927188937572946,0.953716130337214
6077,San Joaquin,762148,381955,380193,4311,132411,60528,320334,244564,230241,0.926,18432,0.074,1.5,4.7,181144,10923,4885,10592,8950,7170,15682,9046,281,11012,0.044,4248,0.017,41836,0.168,36828,0.148,36699,0.148,37768,0.152,26858,0.108,23995,0.096,11585,0.047,17844,0.072,5.4,230241,210433,14370,5438,0.785,0.215,782545,20094,447,57.1213157070839,2567.77565507415,0.501155943465049,0.498844056534951,0.00565638170014223,0.173733972929142,0.0794176459165411,0.420304192886421,0.320887806567753,248673,20,-31,8,20.9,3,42749,San Joaquin County,0500000US06077,Dominantly non-white,Not Hispanic or Latino,0,0,0.0941297229997196,0.913968407016995,0.976381270060502
6079,San Luis Obispo,283111,139734,143377,1767,12160,6093,64860,198231,106512,0.859,17457,0.141,2,7.5,83416,6292,5225,7334,4904,3318,3985,9447,48,4922,0.04,2901,0.023,18790,0.152,14740,0.119,26728,0.216,22959,0.185,10605,0.086,9413,0.076,5060,0.041,7851,0.063,5.2,106512,102777,2724,1011,0.821,0.18,278862,3581,31,11.1166096492172,1284.14771464022,0.493566127773206,0.506433872226794,0.00624136822659664,0.042951351236794,0.0215215940037653,0.229097421152834,0.70018826538001,123969,76,-35,9,18.6,2.49,44220,San Luis Obispo County,0500000US06079,Dominantly white (non-Hispanic only),Not Hispanic or Latino,1,0,0.0363408155521177,0.964933528616494,0.990508111762055
6081,San Mateo,766573,387065,379508,1501,250817,21190,183978,309087,265003,0.945,15497,0.055,0.8,4.5,151993,23081,6278,16928,18232,19146,42351,2143,348,7677,0.027,4303,0.015,15083,0.054,18481,0.066,27235,0.097,43919,0.157,46510,0.166,63115,0.225,29800,0.106,24377,0.087,5,265003,244202,12687,8114,0.582,0.418,778001,9619,150,19.2801808738035,1236.37373216744,0.504929080465918,0.495070919534082,0.00195806531145762,0.327192583093848,0.0276425076281059,0.240000626163457,0.403206217803132,280500,17,-57,22,32.3,2.74,64998,San Mateo County,0500000US06081,Dominantly white (non-Hispanic only),Not Hispanic or Latino,1,0,0.0851794825595204,0.921506548982464,0.969381478700241
6083,Santa Barbara,446499,223254,223245,2373,27160,10076,205535,201355,146466,0.92,12820,0.08,1.3,3.8,91322,10501,5058,7720,13021,10531,14430,6703,0,4241,0.027,2539,0.016,11089,0.07,16846,0.106,23752,0.149,28522,0.179,28999,0.182,23109,0.145,6345,0.04,13844,0.087,4.9,146466,131907,9439,5120,0.729,0.272,456373,9149,113,24.7604481421995,2004.71982347773,0.50001007841003,0.49998992158997,0.00531468155583775,0.0608288036479365,0.022566679880582,0.460325779005104,0.45096405591054,159286,36,-37,8,29.2,2.8,45713,Santa Barbara County,0500000US06083,Dominantly non-white,Not Hispanic or Latino,0,0,0.110373217494144,0.900598091024538,0.965043081670831
6085,Santa Clara,1927852,951005,976847,5300,766054,52668,482298,621532,643637,0.938,42669,0.062,0.8,5,345405,71591,10683,35163,34823,39103,129489,19646,403,35027,0.051,13935,0.02,58975,0.086,66193,0.096,85961,0.125,147217,0.215,123999,0.181,96454,0.141,23699,0.035,34846,0.051,5,643637,593837,29477,20323,0.774,0.227,1967585,21233,318,16.1619447190337,1079.14016421146,0.493297722024305,0.506702277975695,0.00274917369175642,0.397361415710335,0.0273195245278165,0.2501737685258,0.322396117544293,686306,-18,-60,23,31.6,2.92,68167,Santa Clara County,0500000US06085,Dominantly non-white,Not Hispanic or Latino,0,0,0.0838613963090882,0.922627195142604,0.968424748732593
6087,Santa Cruz,273213,138037,135176,1415,15575,4058,92922,159243,97710,0.912,9427,0.088,0.4,2,70428,7306,3778,6137,4945,3188,5840,5497,18,1286,0.012,1030,0.01,8561,0.08,8073,0.075,17777,0.166,22769,0.213,15502,0.145,10353,0.097,8887,0.083,12899,0.12,5.1,97710,91250,4406,2054,0.701,0.3,273999,2383,10,3.64964835638086,869.71120332556,0.505235841632719,0.494764158367281,0.00517910933959951,0.0570068042150264,0.0148528803534239,0.340108267176159,0.582852938915791,107137,72,-38,11,20.4,2.71,60890,Santa Cruz County,0500000US06087,Dominantly white (non-Hispanic only),Not Hispanic or Latino,1,0,0.0707945205479452,0.933885989151571,0.978978610172961
6089,Shasta,180080,91607,88473,4916,6584,3221,18935,146424,72714,0.925,5907,0.075,0.6,1.4,54857,1762,1952,4106,2689,622,2819,9398,416,1437,0.018,1024,0.013,10609,0.135,13160,0.167,13688,0.174,17082,0.217,8827,0.112,7182,0.091,3215,0.041,2397,0.03,5.3,72714,70746,1515,453,0.836,0.162,177925,943,20,11.2406913025151,529.998594913587,0.508701688138605,0.491298311861395,0.0272989782318969,0.0365615282096846,0.0178864948911595,0.105147712127943,0.813105286539316,78621,121,-23,3,15.4,2.52,36418,Shasta County,0500000US06089,Dominantly white (non-Hispanic only),Not Hispanic or Latino,1,0,0.0278178271563057,0.972935060648568,0.993770113045631
6091,Sierra,3005,1496,1509,54,24,45,381,2501,,,,,,,"","","","","","","","","",,,,,,,,,,,,,,,,,,,,,,,,,,,,3115,6,0,0,192.616372391653,0.49783693843594,0.50216306156406,0.0179700499168053,0.00798668885191348,0.0149750415973378,0.126788685524126,0.832279534109817,,,,,,,,Sierra County,0500000US06091,Dominantly white (non-Hispanic only),Not Hispanic or Latino,1,0,,,
6093,Siskiyou,43539,21885,21654,2109,903,950,5744,33833,,,,,,,"","","","","","","","","",,,,,,,,,,,,,,,,,,,,,,,,,,,,43956,150,0,0,341.250341250341,0.502652794046717,0.497347205953283,0.0484393302556329,0.0207400261834218,0.021819518133168,0.131927697007281,0.777073428420497,,,,,,,,Siskiyou County,0500000US06093,Dominantly white (non-Hispanic only),Not Hispanic or Latino,1,0,,,
6095,Solano,447643,224879,222764,2543,79486,68662,122103,174849,150393,0.941,9411,0.059,0.8,4.3,111701,6952,2473,9410,9121,5993,9159,4539,456,6087,0.038,2641,0.017,18715,0.117,23127,0.145,33196,0.208,31729,0.199,16031,0.1,11762,0.074,6518,0.041,9998,0.063,5.6,150393,143212,4315,2866,0.824,0.178,444255,6303,69,15.5316203531755,1418.77975487051,0.502362373587881,0.497637626412119,0.00568086622598812,0.17756560473413,0.153385622024694,0.272768701844997,0.390599205170191,159804,0,-34,10,20.7,2.9,56545,Solano County,0500000US06095,Dominantly white (non-Hispanic only),Not Hispanic or Latino,1,0,0.0501424461637293,0.95225176703703,0.980943261986928
6097,Sonoma,494336,253115,241221,4288,25506,10793,134954,318795,190689,0.915,17604,0.085,0.3,2.7,139703,14727,4507,9733,8622,8485,12550,9706,260,6479,0.031,2876,0.014,21318,0.102,30828,0.148,36929,0.177,41133,0.197,23955,0.115,17070,0.082,10149,0.049,17556,0.084,5.2,190689,180061,7729,2899,0.784,0.215,496668,7426,122,24.5636924464632,1495.16377137243,0.512030279000518,0.487969720999482,0.00867426204039358,0.0515964849818747,0.0218333279388918,0.27300055023304,0.6448953748058,208293,35,-33,11,17.7,2.6,52034,Sonoma County,0500000US06097,Dominantly white (non-Hispanic only),Not Hispanic or Latino,1,0,0.0590244417169737,0.944265269627509,0.984797235288874
6099,Stanislaus,550660,277704,272956,3490,37369,17908,262068,229825,174698,0.955,8289,0.045,1.2,1.9,139594,5735,4011,6133,5127,3371,10651,8276,89,3530,0.019,2445,0.013,30050,0.164,24867,0.136,29327,0.16,38432,0.21,17493,0.096,13949,0.076,9065,0.05,13829,0.076,5.3,174698,162029,10023,2646,0.798,0.202,562303,16505,359,63.8445820136119,2935.25021207427,0.504311190208114,0.495688809791886,0.00633784912650274,0.0678622017215705,0.0325209748302038,0.47591617331929,0.417362801002433,182987,32,-31,7,17,3.03,41524,Stanislaus County,0500000US06099,Dominantly non-white,Not Hispanic or Latino,0,0,0.0781897067808849,0.927480566463268,0.984853862093441
6101,Sutter,96971,48668,48303,1088,16858,2769,30907,45349,33039,0.956,1538,0.044,4.2,0.3,24550,1549,1287,1738,1245,721,1889,1150,448,510,0.015,471,0.014,5557,0.161,4669,0.135,6017,0.174,5848,0.169,4309,0.125,3273,0.095,2559,0.074,1364,0.039,5.4,33039,30273,1731,1035,0.793,0.208,105747,1677,11,10.4021863504402,1585.86059178984,0.501882005960545,0.498117994039455,0.0112198492332759,0.173845788947211,0.0285549287931443,0.318724154644172,0.467655278382197,34577,,-30,6,20,2.87,39633,Sutter County,0500000US06101,Dominantly white (non-Hispanic only),Not Hispanic or Latino,1,0,0.0913685462293132,0.916280759102878,0.968673385998366
6103,Tehama,65084,32718,32366,1503,1070,856,16776,44879,25310,0.909,2538,0.091,1.2,0,19569,463,145,98,1002,164,1522,4563,322,500,0.018,518,0.019,3866,0.139,3325,0.119,5244,0.188,5908,0.212,2742,0.098,2855,0.103,1047,0.038,1843,0.066,5.5,,,,,0.793,0.207,65885,585,5,7.58898079987858,887.910753585794,0.502704197652265,0.497295802347735,0.0230932333599656,0.0164402925450187,0.013152234036015,0.257759203490873,0.689555036568127,27848,34,-19,4,11.9,2.62,32842,Tehama County,0500000US06103,Dominantly white (non-Hispanic only),Not Hispanic or Latino,1,0,,,
6105,Trinity,12285,5971,6314,613,220,171,907,10374,,,,,,,"","","","","","","","","",,,,,,,,,,,,,,,,,,,,,,,,,,,,13354,16,0,0,119.814287853827,0.486039886039886,0.513960113960114,0.0498982498982499,0.0179080179080179,0.0139194139194139,0.0738298738298738,0.844444444444445,,,,,,,,Trinity County,0500000US06105,Dominantly white (non-Hispanic only),Not Hispanic or Latino,1,0,,,
6107,Tulare,466195,233206,232989,3668,16911,7028,305824,132764,144109,0.951,7490,0.049,0.6,2.4,113844,5127,3674,8047,2986,2736,4964,9952,269,8511,0.056,3939,0.026,26924,0.178,19781,0.13,26593,0.175,25079,0.165,14922,0.098,11402,0.075,8242,0.054,6206,0.041,5.3,144109,130059,11685,2365,0.828,0.17,484423,16055,263,54.2913940915275,3314.25221345807,0.500232735228821,0.499767264771179,0.00786795225174015,0.0362745203187507,0.015075236757151,0.656000171602012,0.284782119070346,151599,59,-33,6,13.6,3.28,33157,Tulare County,0500000US06107,Dominantly non-white,Hispanic or Latino,0,1,0.108027895032255,0.902504354342893,0.983588811247042
6109,Tuolumne,54478,26265,28213,1020,957,1249,6906,44346,,,,,,,"","","","","","","","","",,,,,,,,,,,,,,,,,,,,,,,,,,,,52351,224,4,7.64073274627037,427.881033791141,0.482121223246081,0.517878776753919,0.0187231543008187,0.0175667241822387,0.0229266860016888,0.126766768236719,0.814016667278535,,,,,,,,Tuolumne County,0500000US06109,Dominantly white (non-Hispanic only),Not Hispanic or Latino,1,0,,,
6111,Ventura,846006,427294,418712,3302,70139,18281,365835,388449,268524,0.921,23023,0.079,1.1,4.5,182114,37035,3676,12432,13314,13046,18784,11024,122,5722,0.02,3508,0.012,28168,0.097,29811,0.102,51728,0.177,68871,0.236,56072,0.192,26843,0.092,8665,0.03,12159,0.042,5.6,268524,251641,11978,4905,0.836,0.164,852747,12875,150,17.5902113991606,1509.82647842795,0.505072068046799,0.494927931953201,0.00390304560487751,0.0829060313993045,0.021608593792479,0.432426011163041,0.459156318040298,291547,24,-39,12,20.5,3.04,57864,Ventura County,0500000US06111,Dominantly white (non-Hispanic only),Not Hispanic or Latino,1,0,0.067091610667578,0.937126662793642,0.981733476337311
6113,Yolo,220500,113624,106876,1480,36083,6809,70392,105736,76075,0.96,3177,0.04,0,2.1,45588,5625,1734,4141,5785,5738,7778,2619,244,2404,0.03,2361,0.03,11032,0.139,11561,0.146,10567,0.133,15673,0.198,9747,0.123,8120,0.102,3301,0.042,4486,0.057,5.1,76075,72452,2579,1044,0.799,0.201,223612,2818,55,24.5961755183085,1260.21859291988,0.515301587301587,0.484698412698413,0.00671201814058957,0.163641723356009,0.0308798185941043,0.319238095238095,0.479528344671202,79252,-7,-43,12,31,2.71,43491,Yolo County,0500000US06113,Dominantly white (non-Hispanic only),Not Hispanic or Latino,1,0,0.0500055208965936,0.952375944791324,0.986276700624384
6115,Yuba,78668,38849,39819,1545,6142,3800,22925,44256,26827,0.923,2224,0.077,0,7.6,20262,469,1170,804,1019,1470,1373,2204,280,1002,0.034,614,0.021,6892,0.237,3605,0.124,3088,0.106,4834,0.166,3357,0.116,2892,0.1,1379,0.047,1388,0.048,5.5,26827,25446,835,546,0.804,0.195,79290,1071,8,10.089544709295,1350.73779795687,0.493834850256775,0.506165149743225,0.0196394976356333,0.0780749478822393,0.0483042660293893,0.291414552295724,0.562566736157014,29051,104,-32,6,17.5,2.87,32759,Yuba County,0500000US06115,Dominantly white (non-Hispanic only),Not Hispanic or Latino,1,0,0.0542717912442034,0.948522011406419,0.979647370186752
